subject_id,session_id,relative_path,url,bytes,archive_md5,etag,last_modified
1,1,session1/s1/sess01_subj01_EEG_MI.mat,https://s3.ap-northeast-1.wasabisys.com/gigadb-datasets/live/pub/10.5524/100001_101000/100542/session1/s1/sess01_subj01_EEG_MI.mat,609007751,5f4efd43bd9d4164a777362062a7e6a5,43ed316321c590bfea8f7c5e17479402-117,2023-03-27T15:04:37.000Z
1,2,session2/s1/sess02_subj01_EEG_MI.mat,https://s3.ap-northeast-1.wasabisys.com/gigadb-datasets/live/pub/10.5524/100001_101000/100542/session2/s1/sess02_subj01_EEG_MI.mat,610856419,c7a7bef7f7ece4eaeb10c276e1502a4d,50127c3b2d55024a68bbeda47076ab75-117,2023-03-27T15:45:58.000Z
2,1,session1/s2/sess01_subj02_EEG_MI.mat,https://s3.ap-northeast-1.wasabisys.com/gigadb-datasets/live/pub/10.5524/100001_101000/100542/session1/s2/sess01_subj02_EEG_MI.mat,620718142,75db7ba245818c1d27a75785c8cb60c4,68c8c7209348dbd62486169cc0699dea-119,2023-03-27T15:28:21.000Z
2,2,session2/s2/sess02_subj02_EEG_MI.mat,https://s3.ap-northeast-1.wasabisys.com/gigadb-datasets/live/pub/10.5524/100001_101000/100542/session2/s2/sess02_subj02_EEG_MI.mat,598511386,ff2f8bdfddf7ff421b2eeb4a51065b92,db9020bd4f77c447c0e658b97352b6f3-115,2023-03-27T16:27:27.000Z
3,1,session1/s3/sess01_subj03_EEG_MI.mat,https://s3.ap-northeast-1.wasabisys.com/gigadb-datasets/live/pub/10.5524/100001_101000/100542/session1/s3/sess01_subj03_EEG_MI.mat,618772858,3184511a217428900361fee497cc973b,0cb183a24fcdb17197d34f3ac7720048-119,2023-03-27T16:35:14.000Z
3,2,session2/s3/sess02_subj03_EEG_MI.mat,https://s3.ap-northeast-1.wasabisys.com/gigadb-datasets/live/pub/10.5524/100001_101000/100542/session2/s3/sess02_subj03_EEG_MI.mat,623877684,1b71535e23f89e4ce5a89443e622ec72,cd6e96190c4fcb560a5f80ffef6ab540-119,2023-03-27T17:19:35.000Z
4,1,session1/s4/sess01_subj04_EEG_MI.mat,https://s3.ap-northeast-1.wasabisys.com/gigadb-datasets/live/pub/10.5524/100001_101000/100542/session1/s4/sess01_subj04_EEG_MI.mat,588517366,4b72c2babe8a102f34794408d28510da,74d0db8bbd3f142c88742b79a0ba3120-113,2023-03-27T17:21:58.000Z
4,2,session2/s4/sess02_subj04_EEG_MI.mat,https://s3.ap-northeast-1.wasabisys.com/gigadb-datasets/live/pub/10.5524/100001_101000/100542/session2/s4/sess02_subj04_EEG_MI.mat,562424989,28a481ec358bb7d38c2a063bc1018669,3852b734e40265fb14c30e4c7efb1607-108,2023-03-27T18:50:58.000Z
5,1,session1/s5/sess01_subj05_EEG_MI.mat,https://s3.ap-northeast-1.wasabisys.com/gigadb-datasets/live/pub/10.5524/100001_101000/100542/session1/s5/sess01_subj05_EEG_MI.mat,601965664,658c5e53bbe05b5a4a954e3a57ddcd10,5a8cf82c8b8b6597c0f68aa3d95a5a1b-115,2023-03-27T18:48:31.000Z
5,2,session2/s5/sess02_subj05_EEG_MI.mat,https://s3.ap-northeast-1.wasabisys.com/gigadb-datasets/live/pub/10.5524/100001_101000/100542/session2/s5/sess02_subj05_EEG_MI.mat,611019530,1d1b0cd86970d4af4f9e6da52b32e896,a9923e818ca0095b4b8e853c4858f5dc-117,2023-03-27T19:00:27.000Z
6,1,session1/s6/sess01_subj06_EEG_MI.mat,https://s3.ap-northeast-1.wasabisys.com/gigadb-datasets/live/pub/10.5524/100001_101000/100542/session1/s6/sess01_subj06_EEG_MI.mat,599828983,2fddbc0827b44edf49d5597cc63a5070,1dd119ec8fca38be4b064a99661333b7-115,2023-03-27T18:26:29.000Z
6,2,session2/s6/sess02_subj06_EEG_MI.mat,https://s3.ap-northeast-1.wasabisys.com/gigadb-datasets/live/pub/10.5524/100001_101000/100542/session2/s6/sess02_subj06_EEG_MI.mat,602710709,31e11e3b1dd7a00c63dcbf84534cb36b,2fb83aec48b37270135fbbbb9c5c15f2-115,2023-03-27T19:28:17.000Z
7,1,session1/s7/sess01_subj07_EEG_MI.mat,https://s3.ap-northeast-1.wasabisys.com/gigadb-datasets/live/pub/10.5524/100001_101000/100542/session1/s7/sess01_subj07_EEG_MI.mat,604877711,6d8065284dab78b9b568f31bf50d9728,6376f89df2c1c5a30519e2d27591fc0d-116,2023-03-27T18:31:35.000Z
7,2,session2/s7/sess02_subj07_EEG_MI.mat,https://s3.ap-northeast-1.wasabisys.com/gigadb-datasets/live/pub/10.5524/100001_101000/100542/session2/s7/sess02_subj07_EEG_MI.mat,603155660,61c905904c5793077e79dfe9f5229796,6f7d032d6b00f53de84f9d284314ce5c-116,2023-03-27T19:23:40.000Z
8,1,session1/s8/sess01_subj08_EEG_MI.mat,https://s3.ap-northeast-1.wasabisys.com/gigadb-datasets/live/pub/10.5524/100001_101000/100542/session1/s8/sess01_subj08_EEG_MI.mat,644856050,077f38fa13251c447113bd69dd52f537,a61c1b2b79b8dca2001cf70841542537-123,2023-03-27T18:44:01.000Z
8,2,session2/s8/sess02_subj08_EEG_MI.mat,https://s3.ap-northeast-1.wasabisys.com/gigadb-datasets/live/pub/10.5524/100001_101000/100542/session2/s8/sess02_subj08_EEG_MI.mat,597082464,f7a012c56dc07ce6570e96992f1a0a62,64f1ab89509bb430021dbc2c1a64dc15-114,2023-03-27T19:25:43.000Z
9,1,session1/s9/sess01_subj09_EEG_MI.mat,https://s3.ap-northeast-1.wasabisys.com/gigadb-datasets/live/pub/10.5524/100001_101000/100542/session1/s9/sess01_subj09_EEG_MI.mat,656718979,7125de517defd400c25110d207207047,6464a7b8879eca42f1e10d6362234bde-126,2023-03-27T19:15:45.000Z
9,2,session2/s9/sess02_subj09_EEG_MI.mat,https://s3.ap-northeast-1.wasabisys.com/gigadb-datasets/live/pub/10.5524/100001_101000/100542/session2/s9/sess02_subj09_EEG_MI.mat,575179904,1011197a44d2d187b34e2dbf45dfb542,3baf629f7721a3f4dc2b42cc11481c21-110,2023-03-27T19:30:17.000Z
10,1,session1/s10/sess01_subj10_EEG_MI.mat,https://s3.ap-northeast-1.wasabisys.com/gigadb-datasets/live/pub/10.5524/100001_101000/100542/session1/s10/sess01_subj10_EEG_MI.mat,647755496,56237ed69e1d31653b331552a4d5d4b5,db6603898f40450a53d01ebac2d33da0-124,2023-03-27T15:18:18.000Z
10,2,session2/s10/sess02_subj10_EEG_MI.mat,https://s3.ap-northeast-1.wasabisys.com/gigadb-datasets/live/pub/10.5524/100001_101000/100542/session2/s10/sess02_subj10_EEG_MI.mat,622982576,94eb3cb999a8bf44296e8bc0f362b947,02788c308b58a27096a467e4d11409cb-119,2023-03-27T15:50:41.000Z
11,1,session1/s11/sess01_subj11_EEG_MI.mat,https://s3.ap-northeast-1.wasabisys.com/gigadb-datasets/live/pub/10.5524/100001_101000/100542/session1/s11/sess01_subj11_EEG_MI.mat,619133876,4cea55f8739bfde2749b6379e3ba5365,01c2d4b7d1952f07af85425c2024ef23-119,2023-03-27T15:10:09.000Z
11,2,session2/s11/sess02_subj11_EEG_MI.mat,https://s3.ap-northeast-1.wasabisys.com/gigadb-datasets/live/pub/10.5524/100001_101000/100542/session2/s11/sess02_subj11_EEG_MI.mat,588728022,65351c91e2e3c0b54e10b82d8035af19,60b367e2161ffb252019ab37b40bdb0f-113,2023-03-27T15:48:23.000Z
12,1,session1/s12/sess01_subj12_EEG_MI.mat,https://s3.ap-northeast-1.wasabisys.com/gigadb-datasets/live/pub/10.5524/100001_101000/100542/session1/s12/sess01_subj12_EEG_MI.mat,587987166,2de939c8aee557d2999f7dacd13dfe05,de2b2ce3d73e83057b56be1a986e00a1-113,2023-03-27T15:12:50.000Z
12,2,session2/s12/sess02_subj12_EEG_MI.mat,https://s3.ap-northeast-1.wasabisys.com/gigadb-datasets/live/pub/10.5524/100001_101000/100542/session2/s12/sess02_subj12_EEG_MI.mat,596370747,6138d2d94ce5e752a0b0a1e00dda21a8,d63b6d1d7102d968c3feab157cdcecc9-114,2023-03-27T15:58:10.000Z
13,1,session1/s13/sess01_subj13_EEG_MI.mat,https://s3.ap-northeast-1.wasabisys.com/gigadb-datasets/live/pub/10.5524/100001_101000/100542/session1/s13/sess01_subj13_EEG_MI.mat,653378963,da30e4195d0fe09adb52f56f30af4ff2,8051a6c7fb2e0fd7ccce3b8ce06e9287-125,2023-03-27T15:21:05.000Z
13,2,session2/s13/sess02_subj13_EEG_MI.mat,https://s3.ap-northeast-1.wasabisys.com/gigadb-datasets/live/pub/10.5524/100001_101000/100542/session2/s13/sess02_subj13_EEG_MI.mat,637876420,1993e03d7c84aea3afd3cd7a49c3493f,5d7e3cb4f9a8133bc3794f4e01855337-122,2023-03-27T15:53:29.000Z
14,1,session1/s14/sess01_subj14_EEG_MI.mat,https://s3.ap-northeast-1.wasabisys.com/gigadb-datasets/live/pub/10.5524/100001_101000/100542/session1/s14/sess01_subj14_EEG_MI.mat,602887528,f99e3a7a22655e89bc8eb405a28cc7f3,f2a981a9a6c417f3b38b5269739fdda1-115,2023-03-27T15:23:28.000Z
14,2,session2/s14/sess02_subj14_EEG_MI.mat,https://s3.ap-northeast-1.wasabisys.com/gigadb-datasets/live/pub/10.5524/100001_101000/100542/session2/s14/sess02_subj14_EEG_MI.mat,597752174,54d7d57ed1c1babf17f8b1b4bee713e0,d3471adf0d40fabfbbd1e0211cb1f08f-115,2023-03-27T16:03:12.000Z
15,1,session1/s15/sess01_subj15_EEG_MI.mat,https://s3.ap-northeast-1.wasabisys.com/gigadb-datasets/live/pub/10.5524/100001_101000/100542/session1/s15/sess01_subj15_EEG_MI.mat,573006932,538596f6606644c8531f75f2e3b27cbf,6b6d4f0b3e66ac4a7565f1cad8ce323d-110,2023-03-27T15:15:22.000Z
15,2,session2/s15/sess02_subj15_EEG_MI.mat,https://s3.ap-northeast-1.wasabisys.com/gigadb-datasets/live/pub/10.5524/100001_101000/100542/session2/s15/sess02_subj15_EEG_MI.mat,593495448,cb36d88562375ca21318d60d8ded2077,fab15e70dacae9dd1560bddf0c503442-114,2023-03-27T16:08:05.000Z
16,1,session1/s16/sess01_subj16_EEG_MI.mat,https://s3.ap-northeast-1.wasabisys.com/gigadb-datasets/live/pub/10.5524/100001_101000/100542/session1/s16/sess01_subj16_EEG_MI.mat,578388208,bdb2f77d3feda9a60f8983b49d752967,974e139bee44deee06aa3ed98bd86a9d-111,2023-03-27T15:07:19.000Z
16,2,session2/s16/sess02_subj16_EEG_MI.mat,https://s3.ap-northeast-1.wasabisys.com/gigadb-datasets/live/pub/10.5524/100001_101000/100542/session2/s16/sess02_subj16_EEG_MI.mat,575125508,d680870e0900141554a019e343d3c804,5a9d01bde7b4e82b913ce60635f39885-110,2023-03-27T16:10:27.000Z
17,1,session1/s17/sess01_subj17_EEG_MI.mat,https://s3.ap-northeast-1.wasabisys.com/gigadb-datasets/live/pub/10.5524/100001_101000/100542/session1/s17/sess01_subj17_EEG_MI.mat,634876318,62337788288011fa4c98af77d175e9d6,013ce369da7bd29119d3354afa1468f9-122,2023-03-27T15:25:33.000Z
17,2,session2/s17/sess02_subj17_EEG_MI.mat,https://s3.ap-northeast-1.wasabisys.com/gigadb-datasets/live/pub/10.5524/100001_101000/100542/session2/s17/sess02_subj17_EEG_MI.mat,667450996,4e2d3f124429db493a2fee8bb55bf901,d47102394ec39b0258d49b7e3a316560-128,2023-03-27T16:17:56.000Z
18,1,session1/s18/sess01_subj18_EEG_MI.mat,https://s3.ap-northeast-1.wasabisys.com/gigadb-datasets/live/pub/10.5524/100001_101000/100542/session1/s18/sess01_subj18_EEG_MI.mat,608949647,6cba9b11827387e832f375b0ac864cad,88cb992aa1c09149061c11d112e33902-117,2023-03-27T15:43:22.000Z
18,2,session2/s18/sess02_subj18_EEG_MI.mat,https://s3.ap-northeast-1.wasabisys.com/gigadb-datasets/live/pub/10.5524/100001_101000/100542/session2/s18/sess02_subj18_EEG_MI.mat,554277461,636c051ba316b08647e2e7838b4a6dab,529271968d9da837faeac981d367e780-106,2023-03-27T16:20:13.000Z
19,1,session1/s19/sess01_subj19_EEG_MI.mat,https://s3.ap-northeast-1.wasabisys.com/gigadb-datasets/live/pub/10.5524/100001_101000/100542/session1/s19/sess01_subj19_EEG_MI.mat,564550298,793398d248123e31251d9d6e786c5033,fc2e3cbc5334aa9d348fb809b57bd2c3-108,2023-03-27T15:33:26.000Z
19,2,session2/s19/sess02_subj19_EEG_MI.mat,https://s3.ap-northeast-1.wasabisys.com/gigadb-datasets/live/pub/10.5524/100001_101000/100542/session2/s19/sess02_subj19_EEG_MI.mat,563473098,10955df417e20f4b1ae8a51816302fcb,8a4a4028b7fade5dfe10d6d34b8badd0-108,2023-03-27T16:22:22.000Z
20,1,session1/s20/sess01_subj20_EEG_MI.mat,https://s3.ap-northeast-1.wasabisys.com/gigadb-datasets/live/pub/10.5524/100001_101000/100542/session1/s20/sess01_subj20_EEG_MI.mat,599006478,4d457511f92aab4a68e97821471a8c9f,98df8d3ab6698dfaeb04acc422d993f1-115,2023-03-27T15:30:51.000Z
20,2,session2/s20/sess02_subj20_EEG_MI.mat,https://s3.ap-northeast-1.wasabisys.com/gigadb-datasets/live/pub/10.5524/100001_101000/100542/session2/s20/sess02_subj20_EEG_MI.mat,577213115,52248051bcefbc1444994a595d5f7e54,fbebb62e43019de019d749edafa48ac7-111,2023-03-27T16:37:52.000Z
21,1,session1/s21/sess01_subj21_EEG_MI.mat,https://s3.ap-northeast-1.wasabisys.com/gigadb-datasets/live/pub/10.5524/100001_101000/100542/session1/s21/sess01_subj21_EEG_MI.mat,607840846,3bdfba5cd79cbe111b66666f8436da6e,1e94067f1156b64988418cb67235a291-116,2023-03-27T15:40:45.000Z
21,2,session2/s21/sess02_subj21_EEG_MI.mat,https://s3.ap-northeast-1.wasabisys.com/gigadb-datasets/live/pub/10.5524/100001_101000/100542/session2/s21/sess02_subj21_EEG_MI.mat,598497418,781b778d7511816c1a5548eaadb11c0f,a06eb98b932be047bed88c08ad48a623-115,2023-03-27T16:32:47.000Z
22,1,session1/s22/sess01_subj22_EEG_MI.mat,https://s3.ap-northeast-1.wasabisys.com/gigadb-datasets/live/pub/10.5524/100001_101000/100542/session1/s22/sess01_subj22_EEG_MI.mat,575460439,b1ac538946ce3d52ec2942b40de2ba9b,19a5ce2eb505a7e2d0ca1a0947f26b13-110,2023-03-27T15:35:47.000Z
22,2,session2/s22/sess02_subj22_EEG_MI.mat,https://s3.ap-northeast-1.wasabisys.com/gigadb-datasets/live/pub/10.5524/100001_101000/100542/session2/s22/sess02_subj22_EEG_MI.mat,581190087,4d49c372a41aa07ccdcae0460ca1a08f,53011ef537ea094293950a04a5f5f928-111,2023-03-27T16:42:26.000Z
23,1,session1/s23/sess01_subj23_EEG_MI.mat,https://s3.ap-northeast-1.wasabisys.com/gigadb-datasets/live/pub/10.5524/100001_101000/100542/session1/s23/sess01_subj23_EEG_MI.mat,594525960,65006ebb4fec172e89420a38471dd39c,f1287aad522b0d8a2bbcb22c957bb381-114,2023-03-27T15:38:27.000Z
23,2,session2/s23/sess02_subj23_EEG_MI.mat,https://s3.ap-northeast-1.wasabisys.com/gigadb-datasets/live/pub/10.5524/100001_101000/100542/session2/s23/sess02_subj23_EEG_MI.mat,563579843,4314ffbcc22c398329f37c5ca0457e07,ea6f09821252b84231f4545b4ba36f03-108,2023-03-27T16:47:35.000Z
24,1,session1/s24/sess01_subj24_EEG_MI.mat,https://s3.ap-northeast-1.wasabisys.com/gigadb-datasets/live/pub/10.5524/100001_101000/100542/session1/s24/sess01_subj24_EEG_MI.mat,594751346,36c6ae13614cab0111664b94ff2e1d01,165bbc7d9a9f394c99f45ec3d2832ee0-114,2023-03-27T15:55:49.000Z
24,2,session2/s24/sess02_subj24_EEG_MI.mat,https://s3.ap-northeast-1.wasabisys.com/gigadb-datasets/live/pub/10.5524/100001_101000/100542/session2/s24/sess02_subj24_EEG_MI.mat,584375518,b0c91436829177652e50fd32e74b8fbd,c42c52b13422c82fce33a2bb8730cd21-112,2023-03-27T16:57:32.000Z
25,1,session1/s25/sess01_subj25_EEG_MI.mat,https://s3.ap-northeast-1.wasabisys.com/gigadb-datasets/live/pub/10.5524/100001_101000/100542/session1/s25/sess01_subj25_EEG_MI.mat,565988304,be8791c8752e7c946d2292af0a6a9c88,14c6ab1d17cdf7e838ea0610ed7eb23c-108,2023-03-27T16:00:40.000Z
25,2,session2/s25/sess02_subj25_EEG_MI.mat,https://s3.ap-northeast-1.wasabisys.com/gigadb-datasets/live/pub/10.5524/100001_101000/100542/session2/s25/sess02_subj25_EEG_MI.mat,613051843,1de4a0f6cd9228a38f98e29fd3e5d98c,5ea9181a105a5c67f9fb0428ca4ff69e-117,2023-03-27T16:59:56.000Z
26,1,session1/s26/sess01_subj26_EEG_MI.mat,https://s3.ap-northeast-1.wasabisys.com/gigadb-datasets/live/pub/10.5524/100001_101000/100542/session1/s26/sess01_subj26_EEG_MI.mat,611689221,4409b14863bed459e1f7f47ccc1a7ec8,1b7bb4dbd5ec2867dff41658913b5c64-117,2023-03-27T16:05:42.000Z
26,2,session2/s26/sess02_subj26_EEG_MI.mat,https://s3.ap-northeast-1.wasabisys.com/gigadb-datasets/live/pub/10.5524/100001_101000/100542/session2/s26/sess02_subj26_EEG_MI.mat,595603598,460ff2257ad3b0aa1f31692e71060ca6,6715fe16f08984f30dd9529569ba5607-114,2023-03-27T17:05:13.000Z
27,1,session1/s27/sess01_subj27_EEG_MI.mat,https://s3.ap-northeast-1.wasabisys.com/gigadb-datasets/live/pub/10.5524/100001_101000/100542/session1/s27/sess01_subj27_EEG_MI.mat,582123205,4e108da489cb19abd23c7dce74fc8515,6ee9ff561024fe3a6fc36d2e678aaedd-112,2023-03-27T16:12:53.000Z
27,2,session2/s27/sess02_subj27_EEG_MI.mat,https://s3.ap-northeast-1.wasabisys.com/gigadb-datasets/live/pub/10.5524/100001_101000/100542/session2/s27/sess02_subj27_EEG_MI.mat,573068078,afb8482c58849686a133802e337cf093,acfebcef281205f78039b8807d7ab600-110,2023-03-27T17:09:40.000Z
28,1,session1/s28/sess01_subj28_EEG_MI.mat,https://s3.ap-northeast-1.wasabisys.com/gigadb-datasets/live/pub/10.5524/100001_101000/100542/session1/s28/sess01_subj28_EEG_MI.mat,582506475,be7f02b6bd655015b2eefe009e80ad36,008cbcbe57ce36fc7a2acdae539e70dc-112,2023-03-27T16:15:16.000Z
28,2,session2/s28/sess02_subj28_EEG_MI.mat,https://s3.ap-northeast-1.wasabisys.com/gigadb-datasets/live/pub/10.5524/100001_101000/100542/session2/s28/sess02_subj28_EEG_MI.mat,574219718,41a38e0282a83813fba1dcbf58149bc0,4081ca1f1d739b1f27ee0b27bca3fb03-110,2023-03-27T17:41:12.000Z
29,1,session1/s29/sess01_subj29_EEG_MI.mat,https://s3.ap-northeast-1.wasabisys.com/gigadb-datasets/live/pub/10.5524/100001_101000/100542/session1/s29/sess01_subj29_EEG_MI.mat,613110875,7649fc6665de6faf7cb9bc592b188b2e,a18d09491a08c9b24be5408cefa64a70-117,2023-03-27T16:25:11.000Z
29,2,session2/s29/sess02_subj29_EEG_MI.mat,https://s3.ap-northeast-1.wasabisys.com/gigadb-datasets/live/pub/10.5524/100001_101000/100542/session2/s29/sess02_subj29_EEG_MI.mat,591017684,ae8b22c68a1dd92660e58c9dad47f636,31f3a74e74485f789e759ef7f81537ba-113,2023-03-27T17:12:07.000Z
30,1,session1/s30/sess01_subj30_EEG_MI.mat,https://s3.ap-northeast-1.wasabisys.com/gigadb-datasets/live/pub/10.5524/100001_101000/100542/session1/s30/sess01_subj30_EEG_MI.mat,657977782,1525156d1954cb4e3de63f90d17d620c,70dac7daec396c98c8915a9c5673f840-126,2023-03-27T16:30:22.000Z
30,2,session2/s30/sess02_subj30_EEG_MI.mat,https://s3.ap-northeast-1.wasabisys.com/gigadb-datasets/live/pub/10.5524/100001_101000/100542/session2/s30/sess02_subj30_EEG_MI.mat,619220805,1ae01cabe751948b35f77f4c30ee8c6e,0900d12778a0919c4758587b095eda14-119,2023-03-27T17:48:30.000Z
31,1,session1/s31/sess01_subj31_EEG_MI.mat,https://s3.ap-northeast-1.wasabisys.com/gigadb-datasets/live/pub/10.5524/100001_101000/100542/session1/s31/sess01_subj31_EEG_MI.mat,618592138,cc9bf3fdfbf488c1d0d29126c3417de8,5eb8b7d61c95e6a3bc74d9a0c47a8c1a-118,2023-03-27T16:40:31.000Z
31,2,session2/s31/sess02_subj31_EEG_MI.mat,https://s3.ap-northeast-1.wasabisys.com/gigadb-datasets/live/pub/10.5524/100001_101000/100542/session2/s31/sess02_subj31_EEG_MI.mat,564888787,7bf7428d2fa6d179ea3b330a8d873c61,8eb416b6499c184a10baebe568e6658f-108,2023-03-27T17:26:31.000Z
32,1,session1/s32/sess01_subj32_EEG_MI.mat,https://s3.ap-northeast-1.wasabisys.com/gigadb-datasets/live/pub/10.5524/100001_101000/100542/session1/s32/sess01_subj32_EEG_MI.mat,630185495,5a1745bd2556ed7edbb315aa1325eb32,a6a1d312b963b7feacfeeb21259a1a97-121,2023-03-27T16:45:14.000Z
32,2,session2/s32/sess02_subj32_EEG_MI.mat,https://s3.ap-northeast-1.wasabisys.com/gigadb-datasets/live/pub/10.5524/100001_101000/100542/session2/s32/sess02_subj32_EEG_MI.mat,588628315,b4867359783988d00bbc1bacb54e73da,aab1dd853e2102eb213fd1f9c803de2e-113,2023-03-27T18:00:09.000Z
33,1,session1/s33/sess01_subj33_EEG_MI.mat,https://s3.ap-northeast-1.wasabisys.com/gigadb-datasets/live/pub/10.5524/100001_101000/100542/session1/s33/sess01_subj33_EEG_MI.mat,614910491,8e0fc30daa488c320973cf9dbc131c2b,6c971e1a7c8af3afbc5d2ead23dc7f23-118,2023-03-27T16:50:04.000Z
33,2,session2/s33/sess02_subj33_EEG_MI.mat,https://s3.ap-northeast-1.wasabisys.com/gigadb-datasets/live/pub/10.5524/100001_101000/100542/session2/s33/sess02_subj33_EEG_MI.mat,623660370,b5925cde65f30f3cda3898ffef75a55d,b34102a43abc35464bff50f4539dd15e-119,2023-03-27T17:28:59.000Z
34,1,session1/s34/sess01_subj34_EEG_MI.mat,https://s3.ap-northeast-1.wasabisys.com/gigadb-datasets/live/pub/10.5524/100001_101000/100542/session1/s34/sess01_subj34_EEG_MI.mat,661816593,a39735ab94fb58e82fe0fa194d52a41d,1190c7f643ea208565ec92e135677c99-127,2023-03-27T16:55:18.000Z
34,2,session2/s34/sess02_subj34_EEG_MI.mat,https://s3.ap-northeast-1.wasabisys.com/gigadb-datasets/live/pub/10.5524/100001_101000/100542/session2/s34/sess02_subj34_EEG_MI.mat,595910539,f3b46657a578847df867e9e828e075f5,de1839764f8608c8b3725fde7ad6a183-114,2023-03-27T17:36:19.000Z
35,1,session1/s35/sess01_subj35_EEG_MI.mat,https://s3.ap-northeast-1.wasabisys.com/gigadb-datasets/live/pub/10.5524/100001_101000/100542/session1/s35/sess01_subj35_EEG_MI.mat,585507536,4fbf5e055f0f00b67dad6493e0a03607,181c52735141993f1010ece704ed1cbd-112,2023-03-27T16:52:35.000Z
35,2,session2/s35/sess02_subj35_EEG_MI.mat,https://s3.ap-northeast-1.wasabisys.com/gigadb-datasets/live/pub/10.5524/100001_101000/100542/session2/s35/sess02_subj35_EEG_MI.mat,609041189,5d95c0e9ca580d8da4bfe95ab3b78eae,bb4685434f321e01e673738483122090-117,2023-03-27T17:38:47.000Z
36,1,session1/s36/sess01_subj36_EEG_MI.mat,https://s3.ap-northeast-1.wasabisys.com/gigadb-datasets/live/pub/10.5524/100001_101000/100542/session1/s36/sess01_subj36_EEG_MI.mat,595291292,3530fd96cf69a40fc3ca25b4ad4eb6ba,5d5741c6b55bdff37450080f111b8dc3-114,2023-03-27T17:16:47.000Z
36,2,session2/s36/sess02_subj36_EEG_MI.mat,https://s3.ap-northeast-1.wasabisys.com/gigadb-datasets/live/pub/10.5524/100001_101000/100542/session2/s36/sess02_subj36_EEG_MI.mat,587864107,3adebfb8d3bc06af610e8a0d8b9698cf,c74b79e7419814546508197e37b5e84a-113,2023-03-27T17:53:03.000Z
37,1,session1/s37/sess01_subj37_EEG_MI.mat,https://s3.ap-northeast-1.wasabisys.com/gigadb-datasets/live/pub/10.5524/100001_101000/100542/session1/s37/sess01_subj37_EEG_MI.mat,580187540,7ae0aecbb764c3a31de7080e89c2fd23,1bb6c126e2809c9348fe503554d71b67-111,2023-03-27T17:07:08.000Z
37,2,session2/s37/sess02_subj37_EEG_MI.mat,https://s3.ap-northeast-1.wasabisys.com/gigadb-datasets/live/pub/10.5524/100001_101000/100542/session2/s37/sess02_subj37_EEG_MI.mat,572590819,a7f1523ccce0d5a0818b38b710efe719,1fe637275802466c79ba9bd2beab026b-110,2023-03-27T17:55:30.000Z
38,1,session1/s38/sess01_subj38_EEG_MI.mat,https://s3.ap-northeast-1.wasabisys.com/gigadb-datasets/live/pub/10.5524/100001_101000/100542/session1/s38/sess01_subj38_EEG_MI.mat,622508748,76bb4fd58e2b4bdc9d557faca6cff23c,bc4a0090af09f8f8470078fe1f655022-119,2023-03-27T17:02:39.000Z
38,2,session2/s38/sess02_subj38_EEG_MI.mat,https://s3.ap-northeast-1.wasabisys.com/gigadb-datasets/live/pub/10.5524/100001_101000/100542/session2/s38/sess02_subj38_EEG_MI.mat,610758059,6ae4d611568b001e2c1e9f12d4240fae,6589c3c7de806a57233850adfc1b0490-117,2023-03-27T18:07:31.000Z
39,1,session1/s39/sess01_subj39_EEG_MI.mat,https://s3.ap-northeast-1.wasabisys.com/gigadb-datasets/live/pub/10.5524/100001_101000/100542/session1/s39/sess01_subj39_EEG_MI.mat,601744494,f3531b9152f35f8f2ec9ddab8ca3726b,26e7d05333ee6b92f1049f47758f0112-115,2023-03-27T17:24:13.000Z
39,2,session2/s39/sess02_subj39_EEG_MI.mat,https://s3.ap-northeast-1.wasabisys.com/gigadb-datasets/live/pub/10.5524/100001_101000/100542/session2/s39/sess02_subj39_EEG_MI.mat,585256394,5cae75beb9ecdff34bb22b1cf629ebf7,d93039ce3cca517508d3b1f47f623e55-112,2023-03-27T18:53:14.000Z
40,1,session1/s40/sess01_subj40_EEG_MI.mat,https://s3.ap-northeast-1.wasabisys.com/gigadb-datasets/live/pub/10.5524/100001_101000/100542/session1/s40/sess01_subj40_EEG_MI.mat,608097253,be48cd66d466df04413cd9f23368ce6d,9eb3e89fe3ec7b266a72791a5431ea43-116,2023-03-27T17:14:38.000Z
40,2,session2/s40/sess02_subj40_EEG_MI.mat,https://s3.ap-northeast-1.wasabisys.com/gigadb-datasets/live/pub/10.5524/100001_101000/100542/session2/s40/sess02_subj40_EEG_MI.mat,599421595,1c1b2dd2d61c8971e68ebbea89bf02e1,35bfb713c98a00ae1694fdcce2741eee-115,2023-03-27T18:20:03.000Z
41,1,session1/s41/sess01_subj41_EEG_MI.mat,https://s3.ap-northeast-1.wasabisys.com/gigadb-datasets/live/pub/10.5524/100001_101000/100542/session1/s41/sess01_subj41_EEG_MI.mat,559937938,587539cdacc090ae19050eec0ce41338,752aeaa507d8e50ad7af1700fc06ed0e-107,2023-03-27T17:45:56.000Z
41,2,session2/s41/sess02_subj41_EEG_MI.mat,https://s3.ap-northeast-1.wasabisys.com/gigadb-datasets/live/pub/10.5524/100001_101000/100542/session2/s41/sess02_subj41_EEG_MI.mat,587277557,3cdcbb61a7b6829e0d48dd0e78ceecd7,7331f6a607aade008f266fcb7e6c9a56-113,2023-03-27T19:05:04.000Z
42,1,session1/s42/sess01_subj42_EEG_MI.mat,https://s3.ap-northeast-1.wasabisys.com/gigadb-datasets/live/pub/10.5524/100001_101000/100542/session1/s42/sess01_subj42_EEG_MI.mat,598611569,9cbd0b09c8f8b778ad27aab2ced0626e,77e2e76ea2ef402d8617f30920774eb3-115,2023-03-27T17:31:23.000Z
42,2,session2/s42/sess02_subj42_EEG_MI.mat,https://s3.ap-northeast-1.wasabisys.com/gigadb-datasets/live/pub/10.5524/100001_101000/100542/session2/s42/sess02_subj42_EEG_MI.mat,587103943,ca85aeed5fe537f39290a2bfd785fd1f,04e004e7b3ee549bfc6875c1c55db8bb-112,2023-03-27T18:28:54.000Z
43,1,session1/s43/sess01_subj43_EEG_MI.mat,https://s3.ap-northeast-1.wasabisys.com/gigadb-datasets/live/pub/10.5524/100001_101000/100542/session1/s43/sess01_subj43_EEG_MI.mat,643596235,bf8cb5bb1968ef5056bce16b1ed990b4,f3754952d75d759b3e32c84381df78e7-123,2023-03-27T17:34:00.000Z
43,2,session2/s43/sess02_subj43_EEG_MI.mat,https://s3.ap-northeast-1.wasabisys.com/gigadb-datasets/live/pub/10.5524/100001_101000/100542/session2/s43/sess02_subj43_EEG_MI.mat,576207345,c04e4a65d7c3d6c9a92a21d59cef5e0e,cae05c2a01df3ed8d2febc9ea973d6ed-110,2023-03-27T18:33:29.000Z
44,1,session1/s44/sess01_subj44_EEG_MI.mat,https://s3.ap-northeast-1.wasabisys.com/gigadb-datasets/live/pub/10.5524/100001_101000/100542/session1/s44/sess01_subj44_EEG_MI.mat,579360398,a1387689f0df8ba9d405c395866f02d2,efeed73b9aa3e513247fa084ca98d71d-111,2023-03-27T17:57:36.000Z
44,2,session2/s44/sess02_subj44_EEG_MI.mat,https://s3.ap-northeast-1.wasabisys.com/gigadb-datasets/live/pub/10.5524/100001_101000/100542/session2/s44/sess02_subj44_EEG_MI.mat,566041123,56a8785801d7b89c71e335f3e7f3f6c5,899d639b163d3f6bda0fec5dcd3511c0-108,2023-03-27T18:36:01.000Z
45,1,session1/s45/sess01_subj45_EEG_MI.mat,https://s3.ap-northeast-1.wasabisys.com/gigadb-datasets/live/pub/10.5524/100001_101000/100542/session1/s45/sess01_subj45_EEG_MI.mat,641370581,e2b58aeaa49fe2919852a561ffb44244,718f566f108ec16effb18bf35810fc8e-123,2023-03-27T17:43:34.000Z
45,2,session2/s45/sess02_subj45_EEG_MI.mat,https://s3.ap-northeast-1.wasabisys.com/gigadb-datasets/live/pub/10.5524/100001_101000/100542/session2/s45/sess02_subj45_EEG_MI.mat,596393583,e1d34bd2180f2fb893006f0ea1b97a1d,1cea9d60f98a9847807993893c3a7bc0-114,2023-03-27T18:39:01.000Z
46,1,session1/s46/sess01_subj46_EEG_MI.mat,https://s3.ap-northeast-1.wasabisys.com/gigadb-datasets/live/pub/10.5524/100001_101000/100542/session1/s46/sess01_subj46_EEG_MI.mat,628620681,0d6bc00699b13047c58250dd4732440a,dc02e8afdd426b3e4698e41810088500-120,2023-03-27T18:04:54.000Z
46,2,session2/s46/sess02_subj46_EEG_MI.mat,https://s3.ap-northeast-1.wasabisys.com/gigadb-datasets/live/pub/10.5524/100001_101000/100542/session2/s46/sess02_subj46_EEG_MI.mat,620730044,885e9f080479fc144f7e596e6e7fba4f,8991194c16dc4b853d2432f15d6cb8ad-119,2023-03-27T18:41:25.000Z
47,1,session1/s47/sess01_subj47_EEG_MI.mat,https://s3.ap-northeast-1.wasabisys.com/gigadb-datasets/live/pub/10.5524/100001_101000/100542/session1/s47/sess01_subj47_EEG_MI.mat,651688583,1fd7725723062bb27f20d10e9dfb7c68,bce1d3522b34338d84670fe701b62be8-125,2023-03-27T18:02:54.000Z
47,2,session2/s47/sess02_subj47_EEG_MI.mat,https://s3.ap-northeast-1.wasabisys.com/gigadb-datasets/live/pub/10.5524/100001_101000/100542/session2/s47/sess02_subj47_EEG_MI.mat,603089111,cfc691faffe8e1d251a3a731fe9e79a5,8bf3a25bab4043401e688b276e17c7c2-116,2023-03-27T18:46:22.000Z
48,1,session1/s48/sess01_subj48_EEG_MI.mat,https://s3.ap-northeast-1.wasabisys.com/gigadb-datasets/live/pub/10.5524/100001_101000/100542/session1/s48/sess01_subj48_EEG_MI.mat,562306863,e34835d1322ff621e06965fff388e459,8ed9c329adceab7589e0c6b92a2ac785-108,2023-03-27T17:50:50.000Z
48,2,session2/s48/sess02_subj48_EEG_MI.mat,https://s3.ap-northeast-1.wasabisys.com/gigadb-datasets/live/pub/10.5524/100001_101000/100542/session2/s48/sess02_subj48_EEG_MI.mat,577934891,4bb42ae44c63809c5fdd859a5df16a76,cb7ffde5b2a5cb0d7648c2d4e46861d9-111,2023-03-27T19:02:48.000Z
49,1,session1/s49/sess01_subj49_EEG_MI.mat,https://s3.ap-northeast-1.wasabisys.com/gigadb-datasets/live/pub/10.5524/100001_101000/100542/session1/s49/sess01_subj49_EEG_MI.mat,581093477,865ce4b9349d6f9e185ec10bedb550c9,5e3ddff4586b501dc9dc2f2492f527ff-111,2023-03-27T18:10:29.000Z
49,2,session2/s49/sess02_subj49_EEG_MI.mat,https://s3.ap-northeast-1.wasabisys.com/gigadb-datasets/live/pub/10.5524/100001_101000/100542/session2/s49/sess02_subj49_EEG_MI.mat,582542614,1aaa5188c4a4dc976810ee05eb91886d,eb5e43e0471af027f9aec1f38c68cebb-112,2023-03-27T18:55:48.000Z
50,1,session1/s50/sess01_subj50_EEG_MI.mat,https://s3.ap-northeast-1.wasabisys.com/gigadb-datasets/live/pub/10.5524/100001_101000/100542/session1/s50/sess01_subj50_EEG_MI.mat,551382464,83bc32761e30895f73d6ef1698fd2a0d,6ccf89f554a77ce196826aea1d52c2ef-106,2023-03-27T18:12:32.000Z
50,2,session2/s50/sess02_subj50_EEG_MI.mat,https://s3.ap-northeast-1.wasabisys.com/gigadb-datasets/live/pub/10.5524/100001_101000/100542/session2/s50/sess02_subj50_EEG_MI.mat,628475076,d38607ce1a1bed772112504177a855ae,2d30740e8406bd6338e3a7d2774a359f-120,2023-03-27T19:13:18.000Z
51,1,session1/s51/sess01_subj51_EEG_MI.mat,https://s3.ap-northeast-1.wasabisys.com/gigadb-datasets/live/pub/10.5524/100001_101000/100542/session1/s51/sess01_subj51_EEG_MI.mat,582919954,4b4f5d36b691a6a7fe104953a6db9b2d,1d3fde0b973a709791273a09d4f5b92a-112,2023-03-27T18:14:53.000Z
51,2,session2/s51/sess02_subj51_EEG_MI.mat,https://s3.ap-northeast-1.wasabisys.com/gigadb-datasets/live/pub/10.5524/100001_101000/100542/session2/s51/sess02_subj51_EEG_MI.mat,599787711,3d897eddbb16371d0e4b22431d066496,c51fecc5c1f701669e20cae63343b693-115,2023-03-27T19:08:19.000Z
52,1,session1/s52/sess01_subj52_EEG_MI.mat,https://s3.ap-northeast-1.wasabisys.com/gigadb-datasets/live/pub/10.5524/100001_101000/100542/session1/s52/sess01_subj52_EEG_MI.mat,669612541,af0fe0e021e26018b3aff5083144cd36,5298fa0e3a6cdbd21745719a001be5a0-128,2023-03-27T18:17:46.000Z
52,2,session2/s52/sess02_subj52_EEG_MI.mat,https://s3.ap-northeast-1.wasabisys.com/gigadb-datasets/live/pub/10.5524/100001_101000/100542/session2/s52/sess02_subj52_EEG_MI.mat,568988503,b03359d1212675331b4d88aee056a665,c8df333b9d0315e84b98a358e7eff4df-109,2023-03-27T19:17:42.000Z
53,1,session1/s53/sess01_subj53_EEG_MI.mat,https://s3.ap-northeast-1.wasabisys.com/gigadb-datasets/live/pub/10.5524/100001_101000/100542/session1/s53/sess01_subj53_EEG_MI.mat,568816590,4ff1bad26aa8e3c4ec8c34ed2542e3ba,8c0414194a615d0bb529918b3684408e-109,2023-03-27T18:58:02.000Z
53,2,session2/s53/sess02_subj53_EEG_MI.mat,https://s3.ap-northeast-1.wasabisys.com/gigadb-datasets/live/pub/10.5524/100001_101000/100542/session2/s53/sess02_subj53_EEG_MI.mat,581717099,0b6768dcb7c951945c003da921d41d9a,12845495721f009dbf01ec36bf1878b4-111,2023-03-27T19:10:30.000Z
54,1,session1/s54/sess01_subj54_EEG_MI.mat,https://s3.ap-northeast-1.wasabisys.com/gigadb-datasets/live/pub/10.5524/100001_101000/100542/session1/s54/sess01_subj54_EEG_MI.mat,599410350,d3011716a5dcf6461f34a777cf58c15c,1f2ea9ce74d50f3853ab8c7d262b256a-115,2023-03-27T18:23:15.000Z
54,2,session2/s54/sess02_subj54_EEG_MI.mat,https://s3.ap-northeast-1.wasabisys.com/gigadb-datasets/live/pub/10.5524/100001_101000/100542/session2/s54/sess02_subj54_EEG_MI.mat,641005938,02fad4456083c3ee0aefeb1d30d79f97,f60a1f043f364096054e4e323f39e615-123,2023-03-27T19:21:07.000Z
