subject_id,role,day1_selected,selection_rule
1,confirmation,0,python_random_shuffle_seed20260914_then18_12_24
2,development,1,python_random_shuffle_seed20260914_then18_12_24
3,development,0,python_random_shuffle_seed20260914_then18_12_24
4,confirmation,0,python_random_shuffle_seed20260914_then18_12_24
5,source,1,python_random_shuffle_seed20260914_then18_12_24
6,source,0,python_random_shuffle_seed20260914_then18_12_24
7,confirmation,0,python_random_shuffle_seed20260914_then18_12_24
8,development,0,python_random_shuffle_seed20260914_then18_12_24
9,development,0,python_random_shuffle_seed20260914_then18_12_24
10,source,0,python_random_shuffle_seed20260914_then18_12_24
11,confirmation,0,python_random_shuffle_seed20260914_then18_12_24
12,source,0,python_random_shuffle_seed20260914_then18_12_24
13,confirmation,0,python_random_shuffle_seed20260914_then18_12_24
14,source,0,python_random_shuffle_seed20260914_then18_12_24
15,confirmation,0,python_random_shuffle_seed20260914_then18_12_24
16,development,0,python_random_shuffle_seed20260914_then18_12_24
17,development,0,python_random_shuffle_seed20260914_then18_12_24
18,source,0,python_random_shuffle_seed20260914_then18_12_24
19,confirmation,0,python_random_shuffle_seed20260914_then18_12_24
20,source,0,python_random_shuffle_seed20260914_then18_12_24
21,source,0,python_random_shuffle_seed20260914_then18_12_24
22,confirmation,0,python_random_shuffle_seed20260914_then18_12_24
23,confirmation,0,python_random_shuffle_seed20260914_then18_12_24
24,confirmation,0,python_random_shuffle_seed20260914_then18_12_24
25,source,0,python_random_shuffle_seed20260914_then18_12_24
26,source,0,python_random_shuffle_seed20260914_then18_12_24
27,confirmation,0,python_random_shuffle_seed20260914_then18_12_24
28,confirmation,0,python_random_shuffle_seed20260914_then18_12_24
29,source,0,python_random_shuffle_seed20260914_then18_12_24
30,confirmation,0,python_random_shuffle_seed20260914_then18_12_24
31,source,0,python_random_shuffle_seed20260914_then18_12_24
32,source,0,python_random_shuffle_seed20260914_then18_12_24
33,development,0,python_random_shuffle_seed20260914_then18_12_24
34,confirmation,0,python_random_shuffle_seed20260914_then18_12_24
35,confirmation,0,python_random_shuffle_seed20260914_then18_12_24
36,source,0,python_random_shuffle_seed20260914_then18_12_24
37,confirmation,0,python_random_shuffle_seed20260914_then18_12_24
38,development,0,python_random_shuffle_seed20260914_then18_12_24
39,source,0,python_random_shuffle_seed20260914_then18_12_24
40,confirmation,0,python_random_shuffle_seed20260914_then18_12_24
41,confirmation,0,python_random_shuffle_seed20260914_then18_12_24
42,source,0,python_random_shuffle_seed20260914_then18_12_24
43,confirmation,0,python_random_shuffle_seed20260914_then18_12_24
44,confirmation,0,python_random_shuffle_seed20260914_then18_12_24
45,development,0,python_random_shuffle_seed20260914_then18_12_24
46,confirmation,0,python_random_shuffle_seed20260914_then18_12_24
47,source,0,python_random_shuffle_seed20260914_then18_12_24
48,confirmation,0,python_random_shuffle_seed20260914_then18_12_24
49,confirmation,0,python_random_shuffle_seed20260914_then18_12_24
50,confirmation,0,python_random_shuffle_seed20260914_then18_12_24
51,development,0,python_random_shuffle_seed20260914_then18_12_24
52,source,0,python_random_shuffle_seed20260914_then18_12_24
53,development,0,python_random_shuffle_seed20260914_then18_12_24
54,development,0,python_random_shuffle_seed20260914_then18_12_24
