participant_id,draws,own_mean_ba,mean_single_ba,effect_pp
1,10,0.694,0.6093333333333333,8.466666666666665
4,10,0.545,0.5283333333333333,1.6666666666666687
7,10,0.611,0.5666666666666667,4.433333333333335
11,10,0.514,0.504,0.9999999999999998
13,10,0.517,0.4936666666666667,2.333333333333334
15,10,0.544,0.5833333333333334,-3.9333333333333322
19,10,0.715,0.6713333333333333,4.366666666666669
22,10,0.65,0.642,0.8000000000000019
23,10,0.787,0.6953333333333334,9.16666666666667
24,10,0.536,0.5266666666666666,0.933333333333336
27,10,0.545,0.522,2.3000000000000025
28,10,0.802,0.7503333333333333,5.166666666666669
30,10,0.5630000000000001,0.5773333333333334,-1.4333333333333342
34,10,0.451,0.4553333333333333,-0.4333333333333322
35,10,0.485,0.5093333333333333,-2.4333333333333336
37,10,0.875,0.7383333333333333,13.666666666666666
40,10,0.5660000000000001,0.547,1.8999999999999995
41,10,0.5720000000000001,0.5386666666666666,3.3333333333333326
43,10,0.681,0.6053333333333333,7.566666666666666
44,10,0.862,0.7396666666666667,12.23333333333333
46,10,0.591,0.5943333333333333,-0.3333333333333311
48,10,0.549,0.5256666666666667,2.3333333333333335
49,10,0.6839999999999999,0.6813333333333333,0.2666666666666661
50,10,0.505,0.512,-0.7000000000000006
