cohort,participant_id,large_base_ba,large_own_ba,large_single0_ba,large_single1_ba,large_single2_ba,large_mean_single_ba,large_own_minus_mean_single,small_base_ba,small_own_ba,small_mean_single_ba,small_own_minus_mean_single,large_base_minus_small_base,large_own_minus_small_own,large_mean_single_minus_small_mean_single,large_minus_small_effect,full_base_ba,full_own_ba,full_own_gain
bnci_loso,1,0.8097222222222221,0.7965277777777777,0.8159722222222223,0.8194444444444443,0.8152777777777779,0.8168981481481481,-0.020370370370370372,0.6993055555555556,0.8013888888888889,0.7101851851851853,0.09120370370370365,0.11041666666666665,-0.004861111111111116,0.10671296296296291,-0.111574074074074,0.8305555555555555,0.8111111111111111,-0.01944444444444441
bnci_loso,2,0.5395833333333334,0.5375,0.5333333333333334,0.55625,0.5381944444444444,0.5425925925925925,-0.005092592592592604,0.5298611111111111,0.5305555555555556,0.5219907407407407,0.008564814814814798,0.009722222222222233,0.006944444444444442,0.020601851851851843,-0.013657407407407401,0.5597222222222222,0.5569444444444446,-0.0027777777777777566
bnci_loso,3,0.7715277777777777,0.7451388888888888,0.7833333333333333,0.7993055555555555,0.7618055555555556,0.7814814814814814,-0.03634259259259259,0.75625,0.892361111111111,0.7662037037037038,0.12615740740740738,0.01527777777777779,-0.14722222222222223,0.015277777777777779,-0.1625,0.7805555555555557,0.7583333333333334,-0.022222222222222265
bnci_loso,4,0.5333333333333333,0.5729166666666666,0.5270833333333333,0.5312500000000001,0.5402777777777777,0.5328703703703704,0.04004629629629625,0.575,0.6506944444444445,0.586111111111111,0.06458333333333335,-0.04166666666666666,-0.07777777777777782,-0.05324074074074072,-0.0245370370370371,0.5277777777777778,0.5694444444444444,0.04166666666666665
bnci_loso,5,0.5027777777777778,0.5125,0.5006944444444444,0.5013888888888889,0.49930555555555556,0.500462962962963,0.012037037037037023,0.51875,0.5868055555555556,0.5164351851851852,0.07037037037037039,-0.01597222222222222,-0.07430555555555557,-0.01597222222222221,-0.05833333333333336,0.5,0.5006944444444444,0.000694444444444442
bnci_loso,6,0.63125,0.6319444444444444,0.6437499999999999,0.6395833333333333,0.6388888888888888,0.6407407407407407,-0.008796296296296312,0.5583333333333333,0.6298611111111111,0.5840277777777778,0.04583333333333334,0.07291666666666666,0.0020833333333333147,0.056712962962962965,-0.05462962962962965,0.6270833333333333,0.6375,0.010416666666666652
bnci_loso,7,0.5979166666666668,0.6319444444444444,0.6034722222222222,0.6006944444444445,0.5993055555555555,0.6011574074074073,0.030787037037037012,0.5625,0.6243055555555556,0.5747685185185185,0.04953703703703703,0.03541666666666665,0.007638888888888884,0.026388888888888906,-0.018750000000000024,0.6152777777777778,0.6402777777777777,0.024999999999999956
bnci_loso,8,0.857638888888889,0.8951388888888889,0.8680555555555556,0.8506944444444444,0.861111111111111,0.8599537037037036,0.03518518518518515,0.7145833333333333,0.8701388888888889,0.7293981481481482,0.14074074074074078,0.14305555555555557,0.024999999999999967,0.1305555555555556,-0.1055555555555556,0.8708333333333333,0.8993055555555556,0.02847222222222222
bnci_loso,9,0.6534722222222223,0.7305555555555555,0.6604166666666668,0.6534722222222222,0.6506944444444446,0.6548611111111111,0.07569444444444444,0.545138888888889,0.7430555555555556,0.5719907407407407,0.17106481481481478,0.10833333333333336,-0.012499999999999989,0.08287037037037037,-0.09537037037037036,0.6625,0.7319444444444445,0.06944444444444442
openbmi_confirmation,1,0.707,0.729,0.702,0.7030000000000001,0.704,0.703,0.026000000000000023,0.595,0.694,0.6093333333333333,0.08466666666666663,0.11199999999999996,0.03500000000000001,0.0936666666666666,-0.0586666666666666,0.704,0.7210000000000001,0.017000000000000015
openbmi_confirmation,4,0.594,0.6180000000000001,0.608,0.5930000000000001,0.609,0.6033333333333334,0.014666666666666672,0.525,0.5449999999999999,0.5283333333333334,0.016666666666666673,0.06899999999999998,0.07299999999999998,0.07499999999999998,-0.0020000000000000018,0.6420000000000001,0.644,0.0020000000000000018
openbmi_confirmation,7,0.5630000000000001,0.6030000000000001,0.5630000000000001,0.5650000000000001,0.561,0.5630000000000001,0.040000000000000015,0.549,0.611,0.5666666666666667,0.044333333333333357,0.013999999999999924,-0.00800000000000004,-0.0036666666666666957,-0.004333333333333344,0.5600000000000002,0.5999999999999999,0.03999999999999994
openbmi_confirmation,11,0.5170000000000001,0.515,0.5149999999999999,0.519,0.5160000000000001,0.5166666666666667,-0.0016666666666666774,0.5129999999999999,0.514,0.5040000000000001,0.010000000000000009,0.0040000000000000036,0.0010000000000000009,0.012666666666666687,-0.011666666666666686,0.516,0.5069999999999999,-0.009000000000000008
openbmi_confirmation,13,0.5050000000000001,0.514,0.5040000000000001,0.51,0.502,0.5053333333333334,0.008666666666666666,0.501,0.5170000000000001,0.49366666666666664,0.023333333333333345,0.003999999999999992,-0.0030000000000000027,0.011666666666666676,-0.014666666666666679,0.5,0.5139999999999999,0.014000000000000012
openbmi_confirmation,15,0.631,0.5549999999999999,0.6329999999999999,0.6330000000000001,0.635,0.6336666666666667,-0.07866666666666668,0.5810000000000001,0.544,0.5833333333333333,-0.03933333333333331,0.049999999999999975,0.010999999999999977,0.05033333333333334,-0.039333333333333366,0.6399999999999999,0.547,-0.09299999999999999
openbmi_confirmation,19,0.774,0.8110000000000002,0.776,0.774,0.7709999999999999,0.7736666666666668,0.037333333333333316,0.675,0.715,0.6713333333333332,0.04366666666666669,0.09900000000000005,0.09600000000000003,0.10233333333333339,-0.006333333333333369,0.774,0.805,0.031000000000000028
openbmi_confirmation,22,0.7470000000000001,0.757,0.743,0.745,0.7460000000000001,0.7446666666666666,0.01233333333333334,0.606,0.65,0.642,0.00800000000000003,0.141,0.10700000000000001,0.10266666666666668,0.0043333333333333115,0.744,0.768,0.02400000000000002
openbmi_confirmation,23,0.8290000000000001,0.8440000000000001,0.833,0.8310000000000001,0.836,0.8333333333333334,0.010666666666666668,0.683,0.7870000000000001,0.6953333333333334,0.09166666666666673,0.14600000000000005,0.05699999999999998,0.13800000000000004,-0.08100000000000006,0.8240000000000001,0.861,0.03699999999999996
openbmi_confirmation,24,0.5119999999999999,0.5119999999999999,0.5139999999999999,0.5119999999999999,0.5109999999999999,0.5123333333333333,-0.0003333333333333299,0.512,0.5360000000000001,0.5266666666666667,0.00933333333333336,-5.551115123125783e-18,-0.02400000000000002,-0.014333333333333332,-0.00966666666666669,0.51,0.5109999999999999,0.0010000000000000009
openbmi_confirmation,27,0.5290000000000001,0.539,0.532,0.537,0.5269999999999999,0.532,0.0070000000000000175,0.5090000000000001,0.545,0.522,0.023000000000000027,0.020000000000000007,-0.005999999999999994,0.010000000000000014,-0.016000000000000007,0.534,0.5429999999999999,0.009000000000000008
openbmi_confirmation,28,0.8270000000000002,0.8360000000000001,0.8260000000000002,0.826,0.8260000000000002,0.826,0.009999999999999998,0.7260000000000001,0.8020000000000002,0.7503333333333333,0.05166666666666667,0.10100000000000002,0.03400000000000003,0.0756666666666667,-0.04166666666666667,0.8260000000000002,0.8320000000000001,0.006000000000000005
openbmi_confirmation,30,0.6039999999999999,0.593,0.6130000000000001,0.617,0.6049999999999999,0.6116666666666666,-0.01866666666666663,0.538,0.5630000000000001,0.5773333333333334,-0.01433333333333332,0.06599999999999999,0.02999999999999998,0.03433333333333329,-0.0043333333333333115,0.62,0.5999999999999999,-0.020000000000000018
openbmi_confirmation,34,0.417,0.421,0.42299999999999993,0.41600000000000004,0.429,0.42266666666666663,-0.0016666666666666607,0.47000000000000003,0.45099999999999996,0.45533333333333326,-0.004333333333333328,-0.05299999999999999,-0.03,-0.03266666666666666,0.002666666666666667,0.44000000000000006,0.42700000000000005,-0.013000000000000067
openbmi_confirmation,35,0.495,0.485,0.4839999999999999,0.48600000000000004,0.495,0.4883333333333334,-0.003333333333333327,0.504,0.485,0.5093333333333334,-0.024333333333333325,-0.008999999999999998,-5.551115123125783e-18,-0.021,0.020999999999999998,0.4699999999999999,0.47400000000000003,0.0040000000000000036
openbmi_confirmation,37,0.8300000000000001,0.8869999999999999,0.8380000000000001,0.8210000000000001,0.8290000000000001,0.8293333333333335,0.05766666666666662,0.709,0.875,0.7383333333333333,0.13666666666666663,0.12100000000000004,0.012,0.09100000000000004,-0.07900000000000004,0.8360000000000001,0.885,0.04899999999999993
openbmi_confirmation,40,0.558,0.5610000000000002,0.5660000000000001,0.548,0.5600000000000002,0.558,0.0030000000000000027,0.569,0.5660000000000001,0.5469999999999999,0.019000000000000006,-0.010999999999999965,-0.004999999999999982,0.01100000000000002,-0.016000000000000004,0.5640000000000001,0.5700000000000001,0.006000000000000005
openbmi_confirmation,41,0.554,0.5670000000000001,0.5429999999999999,0.552,0.548,0.5476666666666667,0.019333333333333324,0.542,0.572,0.5386666666666667,0.033333333333333326,0.012000000000000021,-0.004999999999999982,0.009000000000000018,-0.014000000000000002,0.5480000000000002,0.5640000000000001,0.016000000000000014
openbmi_confirmation,43,0.621,0.629,0.6290000000000001,0.619,0.616,0.6213333333333334,0.0076666666666666775,0.6010000000000001,0.6809999999999999,0.6053333333333334,0.07566666666666667,0.019999999999999973,-0.052000000000000005,0.015999999999999993,-0.06799999999999999,0.624,0.6299999999999999,0.006000000000000005
openbmi_confirmation,44,0.78,0.8270000000000002,0.783,0.784,0.79,0.7856666666666667,0.04133333333333337,0.713,0.8619999999999999,0.7396666666666667,0.12233333333333334,0.06700000000000003,-0.034999999999999934,0.04600000000000004,-0.08099999999999997,0.8,0.8400000000000001,0.040000000000000036
openbmi_confirmation,46,0.6849999999999999,0.6799999999999999,0.6819999999999999,0.687,0.689,0.686,-0.006000000000000005,0.592,0.591,0.5943333333333334,-0.0033333333333333106,0.09299999999999997,0.08899999999999995,0.09166666666666665,-0.0026666666666666948,0.6859999999999999,0.672,-0.01399999999999999
openbmi_confirmation,48,0.517,0.5269999999999999,0.523,0.5229999999999999,0.507,0.5176666666666667,0.009333333333333327,0.526,0.549,0.5256666666666666,0.023333333333333352,-0.009000000000000003,-0.02200000000000001,-0.007999999999999985,-0.014000000000000023,0.51,0.518,0.008000000000000007
openbmi_confirmation,49,0.6839999999999999,0.732,0.6819999999999999,0.688,0.703,0.6910000000000001,0.041000000000000036,0.676,0.6839999999999999,0.6813333333333331,0.0026666666666666726,0.007999999999999974,0.04800000000000001,0.009666666666666646,0.038333333333333365,0.6899999999999998,0.749,0.05900000000000005
openbmi_confirmation,50,0.538,0.516,0.5360000000000001,0.54,0.5449999999999999,0.5403333333333333,-0.02433333333333333,0.49499999999999994,0.5050000000000001,0.512,-0.007000000000000006,0.04300000000000003,0.01100000000000001,0.028333333333333332,-0.017333333333333322,0.542,0.517,-0.025000000000000022
openbmi_development,2,0.7770000000000001,0.766,0.7630000000000001,0.767,0.7649999999999999,0.765,0.0010000000000000009,0.667,0.6279999999999999,0.669,-0.040999999999999995,0.11000000000000006,0.13800000000000004,0.09600000000000003,0.041999999999999996,0.764,0.748,-0.016000000000000014
openbmi_development,3,0.8200000000000001,0.8440000000000001,0.8280000000000001,0.8200000000000001,0.8140000000000001,0.8206666666666667,0.023333333333333296,0.776,0.9,0.8006666666666666,0.09933333333333332,0.04400000000000004,-0.05599999999999992,0.020000000000000108,-0.07600000000000003,0.8380000000000001,0.85,0.01200000000000001
openbmi_development,8,0.656,0.723,0.643,0.6559999999999999,0.6300000000000001,0.6429999999999999,0.07999999999999999,0.595,0.6339999999999999,0.5846666666666667,0.049333333333333305,0.060999999999999985,0.089,0.058333333333333307,0.030666666666666686,0.6100000000000001,0.7219999999999999,0.11199999999999996
openbmi_development,9,0.7709999999999999,0.8009999999999999,0.776,0.7869999999999999,0.768,0.777,0.02400000000000003,0.654,0.704,0.658,0.046000000000000006,0.11700000000000002,0.09700000000000006,0.11900000000000004,-0.021999999999999974,0.786,0.808,0.02200000000000002
openbmi_development,16,0.6779999999999999,0.6859999999999999,0.6819999999999999,0.678,0.6789999999999999,0.6796666666666666,0.006333333333333335,0.609,0.591,0.6033333333333335,-0.012333333333333363,0.06899999999999998,0.09499999999999997,0.07633333333333328,0.0186666666666667,0.6779999999999999,0.6859999999999999,0.007999999999999941
openbmi_development,17,0.67,0.689,0.6679999999999999,0.6769999999999999,0.6789999999999999,0.6746666666666667,0.014333333333333299,0.552,0.6599999999999999,0.5753333333333333,0.08466666666666664,0.11799999999999997,0.02899999999999998,0.09933333333333333,-0.07033333333333334,0.688,0.688,0.0
openbmi_development,33,0.8600000000000001,0.8700000000000001,0.8619999999999999,0.8620000000000001,0.857,0.8603333333333334,0.009666666666666657,0.794,0.877,0.8126666666666666,0.06433333333333333,0.06599999999999999,-0.007000000000000006,0.04766666666666667,-0.054666666666666676,0.85,0.85,0.0
openbmi_development,38,0.5730000000000001,0.6010000000000001,0.569,0.5600000000000002,0.5770000000000002,0.5686666666666667,0.03233333333333328,0.537,0.556,0.548,0.00800000000000004,0.03600000000000003,0.04499999999999997,0.020666666666666732,0.02433333333333324,0.5800000000000001,0.61,0.029999999999999936
openbmi_development,45,0.89,0.9,0.9029999999999999,0.892,0.9,0.8983333333333334,0.0016666666666666386,0.701,0.8160000000000001,0.7133333333333334,0.10266666666666668,0.18899999999999997,0.08399999999999994,0.185,-0.10100000000000002,0.9059999999999999,0.9179999999999999,0.01200000000000001
openbmi_development,51,0.516,0.539,0.514,0.515,0.514,0.5143333333333333,0.02466666666666668,0.5,0.5269999999999999,0.508,0.01900000000000001,0.016000000000000014,0.01200000000000001,0.006333333333333341,0.00566666666666667,0.516,0.5449999999999999,0.029000000000000026
openbmi_development,53,0.608,0.635,0.6140000000000001,0.6130000000000001,0.6130000000000001,0.6133333333333335,0.021666666666666647,0.5589999999999999,0.587,0.5820000000000001,0.004999999999999982,0.04900000000000001,0.048,0.03133333333333334,0.016666666666666663,0.6079999999999999,0.6659999999999999,0.05799999999999996
openbmi_development,54,0.563,0.5670000000000002,0.5650000000000002,0.5609999999999999,0.567,0.5643333333333334,0.002666666666666662,0.5370000000000001,0.5630000000000001,0.537,0.026000000000000006,0.026000000000000023,0.004000000000000015,0.02733333333333336,-0.023333333333333345,0.562,0.5740000000000001,0.01200000000000001
